Workbook
Name CLIENT: REF!$A:$A
Name NIVEAU: REF!$B:$B
Name parent: #REF!
Name TUTEUR: #REF!

Sheet ETAT 20262027
B1: INFOS | C1: E-MAIL | D1: NEM | E1: TUTEUR | F1: NOM | G1: niveau | H1: CLASSE | I1: OPTION | J1: REMISE | K1: JUSTIFICATION | L1: DEVIS ANNUEL | M1: REMBOURCEMENT | N1: DETTES | O1: REGLEMENTS DETTES | P1: TOTAL VERSEMENTS | Q1: TOTAL*CREANCE | R1: FI | S1: V2 | T1: 2V | U1: v3 | V1: DISTINATION | W1: 1T | X1: T2 | Y1: t3 | Z1: PSY1 | AA1: PSY2 | AB1: ORTH1 | AC1: ORTH2 | AD1: E-PLANT | AE1: Ratrapage | AF1: SEPTEMBRE | AG1: CREANCES SEPTEMBRE | AH1: DECEMBRE | AI1: CREANCES DECEMBRE | AJ1: MARS | AK1: CREANCES MARS | AL1: TOTAL | AN1: #REF!
D2: 0663701834/0660800317 | F2: ZIREG LEA | G2: PRIM | H2: CE1 | J2: 25500 | L2: =25000+205000+35000-J2 -> 239500 | P2: =R2+S2+T2+U2+W2+X2+Y2 -> 239500 | Q2: =L2-P2 -> 0 | R2: 25000 | S2: 71500 | T2: 71500 | U2: 71500
D3: 799534750/558498673 | F3: MERABTI RIHAM | G3: PRIM | H3: CE1 | I3: TRNSP | J3: 25500 | L3: =25000+205000+35000+55000-J3 -> 294500 | P3: =R3+S3+T3+U3+W3+X3+Y3 -> 294500 | Q3: =L3-P3 -> 0 | R3: 25000 | S3: 71500 | T3: 71500 | U3: 71500 | V3: DJENAT | W3: 30000 | X3: 15000 | Y3: 10000
D4: 770264718 | F4: BOUAICHA ACIL | G4: PRIM | H4: CE1 | J4: 5000 | L4: =25000+205000+35000-J4 -> 260000 | P4: =R4+S4+T4+U4+W4+X4+Y4 -> 117000 | Q4: =L4-P4 -> 143000 | R4: 25000 | S4: =82000+10000 -> 92000
D5: 795144767 | F5: SEDIKI ISHAK | G5: COLG | H5: 1AAM | I5: TRNSP | J5: =5000+10000+10000 -> 25000 | L5: =25000+305000+52000 -> 382000 | P5: =R5+S5+T5+U5+W5+X5+Y5 -> 152000 | Q5: =L5-P5 -> 230000 | R5: 25000 | S5: =122000-25000 -> 97000 | V5: BOUDOUAOU | W5: 30000
D6: 795144767 | F6: SEDIKI YAKOUB | G6: PRIM | H6: CE1 | I6: TRNSP | J6: 10000 | L6: =25000+205000+35000+52000 -> 317000 | P6: =R6+S6+T6+U6+W6+X6+Y6 -> 142000 | Q6: =L6-P6 -> 175000 | R6: 25000 | S6: 87000 | V6: BOUDOUAOU | W6: 30000
D7: 794811578 | F7: ZERGANI MAHDI | G7: PRIM | H7: CM2 | I7: TRNSP | J7: =20000+25000 -> 45000 | L7: =30000+250000+20000+52000-J7+1000 -> 308000 | P7: =R7+S7+T7+U7+W7+X7+Y7 -> 308000 | Q7: =L7-P7 -> 0 | R7: 30000 | S7: 28000 | T7: 100000 | U7: 98000 | V7: BOUDOUAOU | W7: 30000 | X7: 12000 | Y7: 10000
D8: 794811578 | F8: ZERGANI CHOAIB | G8: COLG | H8: 3AAM | I8: TRNSP | J8: =13000+5000+33000 -> 51000 | L8: =25000+330000+52000-J8 -> 356000 | P8: =R8+S8+T8+U8+W8+X8+Y8 -> 356000 | Q8: =L8-P8 -> 0 | R8: 25000 | S8: 100000 | T8: 100000 | U8: 79000 | V8: BOUDOUAOU | W8: 30000 | X8: 12000 | Y8: 10000
D9: 794811578 | F9: ZERGANI YAHIA | G9: COLG | H9: 3AAM | I9: TRNSP | J9: =13000+5000+33000 -> 51000 | L9: =25000+330000+52000-J9 -> 356000 | P9: =R9+S9+T9+U9+W9+X9+Y9 -> 356000 | Q9: =L9-P9 -> 0 | R9: 25000 | S9: 100000 | T9: 100000 | U9: =79000 -> 79000 | V9: BOUDOUAOU | W9: 30000 | X9: 12000 | Y9: 10000
D10: 660811501/553141609 | F10: YOUCEFI NAZIM | G10: COLG | H10: 3AAM | J10: =46000+16500 -> 62500 | L10: =25000+330000-J10 -> 292500 | P10: =R10+S10+T10+U10+W10+X10+Y10 -> 292500 | Q10: =L10-P10 -> 0 | R10: 25000 | S10: 69500 | T10: 99000 | U10: 99000
D11: 796945858 | F11: KHALDOUN HACENE | G11: PRIM | H11: CE2 | J11: =13000+22000+5000 -> 40000 | L11: =25000+35000+220000-J11 -> 240000 | P11: =R11+S11+T11+U11+W11+X11+Y11 -> 240000 | Q11: =L11-P11 -> 0 | R11: 25000 | S11: 63000 | T11: 76000 | U11: 76000
D12: 796945858 | F12: KHALDOUNE NOUR | G12: PRIM | H12: 4AP | J12: =18000+23000+5000 -> 46000 | L12: =25000+230000-J12 -> 209000 | P12: =R12+S12+T12+U12+W12+X12+Y12 -> 209000 | Q12: =L12-P12 -> 0 | R12: 25000 | S12: 46000 | T12: 69000 | U12: 69000
D13: 661308311 | F13: SEDIKI NASSIM | G13: PRIM | H13: CM1 | J13: =5000+18000 -> 23000 | L13: =25000+230000+35000-J13 -> 267000 | P13: =R13+S13+T13+U13+W13+X13+Y13 -> 109000 | Q13: =L13-P13 -> 158000 | R13: 25000 | S13: 84000
D14: 661308311 | E14: NV | F14: SEDIKI YACINE | G14: GS | H14: GS | J14: 5000 | L14: =180000+165000-J14 -> 340000 | P14: =R14+S14+T14+U14+W14+X14+Y14 -> 79000 | Q14: =L14-P14 -> 261000 | R14: 18000 | S14: =66000-5000 -> 61000
D15: 561343761 | F15: HAMADACHE AHMED | G15: PRIM | H15: CM2 | I15: TRNSP | J15: 40000 | L15: =30000+250000+20000+43000-J15 -> 303000 | P15: =R15+S15+T15+U15+W15+X15+Y15 -> 303000 | Q15: =L15-P15 -> 0 | R15: 30000 | S15: 70000 | T15: 80000 | U15: 80000 | V15: FIGUIER | W15: 20000 | X15: 13000 | Y15: 10000
D16: 661652830 | F16: ALLOUCHE CHAIMA | G16: LYC | H16: 3EM | L16: 396000 | P16: =R16+S16+T16+U16+W16+X16+Y16 -> 30000 | Q16: =L16-P16 -> 366000 | R16: 30000
D17: 796519468 | F17: GASSMI YOUNES | G17: COLG | H17: 3AAM | J17: 34500 | L17: 320500 | P17: =R17+S17+T17+U17+W17+X17+Y17 -> 122500 | Q17: =L17-P17 -> 198000 | R17: 25000 | S17: 97500
D18: 796519468 | F18: GASSMI YASSINE | G18: COLG | H18: 4AAM | J18: 42000 | L18: 328000 | P18: =R18+S18+T18+U18+W18+X18+Y18 -> 127500 | Q18: =L18-P18 -> 200500 | R18: 30000 | S18: 97500
D19: 792775082 | F19: ABDENOUS ABDERHMAN | G19: LYC | H19: 3EM | J19: =10000+5000 -> 15000 | L19: =30000+356000-J19 -> 371000 | P19: =R19+S19+T19+U19+W19+X19+Y19 -> 161000 | Q19: =L19-P19 -> 210000 | R19: 30000 | S19: =146000-15000 -> 131000
D20: 792775082 | F20: ABDENOUS ACIL | G20: PRIM | H20: CM2 | J20: 20000 | L20: =30000+250000+20000-J20 -> 280000 | P20: =R20+S20+T20+U20+W20+X20+Y20 -> 120000 | Q20: =L20-P20 -> 160000 | R20: 30000 | S20: =70000+20000 -> 90000
D21: 672208803 | E21: NV | F21: SITOUAH ALAAEDINE YOUCEF | G21: PRIM | H21: CP | L21: =25000+185000+35000-J21 -> 245000 | P21: =R21+S21+T21+U21+W21+X21+Y21 -> 114000 | Q21: =L21-P21 -> 131000 | R21: 25000 | S21: =74000+15000 -> 89000
D22: 776590820 | F22: BENYOUCEF ANAIS | G22: PRIM | H22: CM2 | J22: =25000+15000 -> 40000 | L22: =30000+250000+20000-J22 -> 260000 | P22: =R22+S22+T22+U22+W22+X22+Y22 -> 260000 | Q22: =L22-P22 -> 0 | R22: 30000 | S22: 70000 | T22: 80000 | U22: 80000
D23: 556517114/661810321 | F23: LAMARA MED SARA | G23: COLG | H23: 4AAM | J23: =20000 -> 20000 | L23: =30000+340000-J23 -> 350000 | P23: =R23+S23+T23+U23+W23+X23+Y23 -> 146000 | Q23: =L23-P23 -> 204000 | R23: 30000 | S23: 116000
D24: 698868963 | F24: RABIA HACEN | G24: COLG | H24: 3AAM | J24: =33000+13000 -> 46000 | L24: =25000+330000-J24 -> 309000 | P24: =R24+S24+T24+U24+W24+X24+Y24 -> 309000 | Q24: =L24-P24 -> 0 | R24: 25000 | S24: 86000 | T24: 99000 | U24: 99000
D25: 560245811 | F25: MENSOUR DOUHA | G25: PRIM | H25: CM2 | I25: TRNSP | L25: =30000+250000+20000+55000-J25 -> 355000 | P25: =R25+S25+T25+U25+W25+X25+Y25 -> 30000 | Q25: =L25-P25 -> 325000 | R25: 30000 | V25: KHEMIS KHECHNA
D26: 791948957/655583839 | F26: HAMIDOUCH YANIS | G26: LYC | H26: 2EM | J26: 13000 | L26: =25000+355000-J26 -> 367000 | P26: =R26+S26+T26+U26+W26+X26+Y26 -> 154000 | Q26: =L26-P26 -> 213000 | R26: 25000 | S26: =142000-13000 -> 129000
D27: 550265831 | F27: TAKOUCHET ROUAIA | G27: COLG | H27: 4AAM | J27: 54000 | L27: =30000+340000+55000-J27 -> 371000 | P27: =R27+S27+T27+U27+W27+X27+Y27 -> 371000 | Q27: =L27-P27 -> 0 | R27: 30000 | S27: 82000 | T27: 102000 | U27: 102000 | V27: BORDJMNAIL | W27: 30000 | X27: 15000 | Y27: 10000
D28: 699718098 | F28: BERAHIMI RACIM | G28: PRIM | H28: CM1 | J28: 30000 | L28: =25000+35000+230000-J28 -> 260000 | P28: =R28+S28+T28+U28+W28+X28+Y28 -> 106000 | Q28: =L28-P28 -> 154000 | R28: 25000 | S28: 77000 | T28: 4000
D29: 699718098 | F29: BERAHIMI RIMES | G29: COLG | H29: 2AAM | J29: 39000 | L29: =25000+320000-J29 -> 306000 | P29: =R29+S29+T29+U29+W29+X29+Y29 -> 114000 | Q29: =L29-P29 -> 192000 | R29: 25000 | S29: 89000
D30: 562873864 | F30: REZIG WALID | G30: PRIM | H30: 3AP | I30: TRNSP | J30: 22000 | L30: =25000+220000+52000-J30 -> 275000 | P30: =R30+S30+T30+U30+W30+X30+Y30 -> 130000 | Q30: =L30-P30 -> 145000 | R30: 25000 | S30: 75000 | V30: THENIA | W30: 30000
D31: 661742904 | F31: TAMERYOULT MALAK | G31: LYC | H31: 2EM | J31: 13000 | L31: =25000+355000-J31 -> 367000 | P31: =R31+S31+T31+U31+W31+X31+Y31 -> 154000 | Q31: =L31-P31 -> 213000 | R31: 25000 | S31: 129000
D32: 55021780/0699648046 | F32: KESASI ELYAS | G32: COLG | H32: 3AAM | J32: =33000+13000+5000 -> 51000 | L32: =25000+330000-J32 -> 304000 | P32: =R32+S32+T32+U32+W32+X32+Y32 -> 304000 | Q32: =L32-P32 -> 0 | R32: 25000 | S32: 81000 | T32: 99000 | U32: 99000
D33: 561678897/562537254 | F33: ATTOUCHE MASSIL | G33: AUTISTE | H33: AUTISTE | J33: 30000 | L33: =23000+250000+40000-J33 -> 283000 | P33: =R33+S33+T33+U33+W33+X33+Y33 -> 113000 | Q33: =L33-P33 -> 170000 | R33: 23000 | S33: 90000
D34: 559744831 | E34: NV | F34: ABDI DANIA | G34: GS | H34: GS | J34: 5000 | L34: =18000+135000-J34 -> 148000 | P34: =R34+S34+T34+U34+W34+X34+Y34 -> 18000 | Q34: =L34-P34 -> 130000 | R34: 18000
D35: 555647502 | F35: LOUANCHI RITADJE | G35: PRIM | H35: CM2 | J35: 20000 | L35: =30000+20000+250000-J35 -> 280000 | P35: =R35+S35+T35+U35+W35+X35+Y35 -> 127000 | Q35: =L35-P35 -> 153000 | R35: 25000 | S35: =122000-20000 -> 102000
D36: 555647502 | F36: LOUANCHI MERIEME | G36: COLG | H36: 1AAM | J36: 25000 | L36: =25000+305000-J36 -> 305000 | P36: =R36+S36+T36+U36+W36+X36+Y36 -> 115000 | Q36: =L36-P36 -> 190000 | R36: 30000 | S36: =110000-25000 -> 85000
D37: 699015001 | F37: BENZAOUI KHADIJA | G37: LYC | H37: 1ER | J37: =50000+14500 -> 64500 | L37: =25000+350000-J37 -> 310500 | P37: =R37+S37+T37+U37+W37+X37+Y37 -> 310500 | Q37: =L37-P37 -> 0 | R37: 25000 | S37: 75500 | T37: 105000 | U37: 105000
D38: 699015001 | F38: BENZAOUIMED TAHA | G38: COLG | H38: 4AAM | J38: 50000 | L38: =30000+340000-J38 -> 320000 | P38: =R38+S38+T38+U38+W38+X38+Y38 -> 320000 | Q38: =L38-P38 -> 0 | R38: 25000 | S38: 91000 | T38: 102000 | U38: 102000
D39: 699015001 | F39: BENZAOUI FATIMA | G39: COLG | H39: 1AAM | J39: 50000 | L39: =25000+305000-J39 -> 280000 | P39: =R39+S39+T39+U39+W39+X39+Y39 -> 280000 | Q39: =L39-P39 -> 0 | R39: 25000 | S39: 72000 | T39: 91500 | U39: 91500
D40: 699015001 | F40: BENZAOUI AHMED YACINE | G40: GS | H40: GS | J40: 50000 | L40: =18000+165000-J40 -> 133000 | P40: =R40+S40+T40+U40+W40+X40+Y40 -> 133000 | Q40: =L40-P40 -> 0 | R40: 18000 | S40: 16000 | T40: 49500 | U40: 49500
D41: 557672219 | F41: MOUAS LINA | G41: PRIM | H41: CE1 | J41: 5000 | L41: =25000+205000+35000-J41 -> 260000 | P41: =R41+S41+T41+U41+W41+X41+Y41 -> 25000 | Q41: =L41-P41 -> 235000 | R41: 25000
D42: 557672219 | F42: MOUAS YOUNES | G42: GS | H42: GS | J42: 5000 | L42: =18000+165000-J42 -> 178000 | P42: =R42+S42+T42+U42+W42+X42+Y42 -> 18000 | Q42: =L42-P42 -> 160000 | R42: 18000
D43: 771062618 | F43: MOKADEM CIDRA | G43: PRIM | H43: CP | J43: =18000+5000 -> 23000 | L43: =25000+185000+35000-J43 -> 222000 | P43: =R43+S43+T43+U43+W43+X43+Y43 -> 121000 | Q43: =L43-P43 -> 101000 | R43: 25000 | S43: 96000
D44: 771062618 | F44: MOKADEM RIMA | G44: LYC | H44: 3EM | J44: =15000 -> 15000 | L44: =30000+365000-J44 -> 380000 | P44: =R44+S44+T44+U44+W44+X44+Y44 -> 142000 | Q44: =L44-P44 -> 238000 | R44: 30000 | S44: 112000
D45: 771062618 | F45: MOKADEM OMAR | G45: COLG | H45: 4AAM | J45: 25000 | L45: =30000+340000-J45 -> 345000 | P45: =R45+S45+T45+U45+W45+X45+Y45 -> 130000 | Q45: =L45-P45 -> 215000 | R45: 30000 | S45: 100000
D46: 667315937 | F46: HAMOUDI ANIAS | G46: COLG | H46: 1AAM | J46: 40000 | L46: =25000+305000-J46 -> 290000 | P46: =R46+S46+T46+U46+W46+X46+Y46 -> 104000 | Q46: =L46-P46 -> 186000 | R46: 25000 | S46: 79000
D47: 667315937 | F47: HAMOUDI DJAOUAD | G47: PRIM | H47: CM1 | J47: 34500 | L47: =25000+35000+230000-J47 -> 255500 | P47: =R47+S47+T47+U47+W47+X47+Y47 -> 100500 | Q47: =L47-P47 -> 155000 | R47: 25000 | S47: 75500
F48: BICHA MED | G48: NV4 | H48: NV4 | J48: =3500+10000+22500 -> 36000 | L48: =23000+225000-J48 -> 212000 | P48: =R48+S48+T48+U48+W48+X48+Y48 -> 212000 | Q48: =L48-P48 -> 0 | R48: 25000 | S48: 52000 | T48: 67500 | U48: 67500
D49: 674675003 | F49: BIDA TASSNIM | G49: PRIM | H49: 3AP | J49: =5000+22000+13000 -> 40000 | L49: =25000+220000-J49 -> 205000 | P49: =R49+S49+T49+U49+W49+X49+Y49 -> 205000 | Q49: =L49-P49 -> 0 | R49: 25000 | S49: 48000 | T49: 66000 | U49: 66000
D50: 674675003 | E50: NV | F50: BIDA MED | G50: PRIM | H50: 1AP | J50: 5000 | L50: =25000+185000-J50 -> 205000 | P50: =R50+S50+T50+U50+W50+X50+Y50 -> 25000 | Q50: =L50-P50 -> 180000 | R50: 25000
D51: 799549249 | E51: NV | F51: BENABDELKRIM MED | G51: PRIM | H51: CP | J51: 18000 | L51: =25000+185000+35000-J51 -> 227000 | P51: =R51+S51+T51+U51+W51+X51+Y51 -> 96000 | Q51: =L51-P51 -> 131000 | R51: 25000 | S51: 71000
D52: 671418214 | F52: KHELOUI INES | G52: PRIM | H52: CE2 | J52: =13000+5000 -> 18000 | L52: =25000+220000+35000-J52 -> 262000 | P52: =R52+S52+T52+U52+W52+X52+Y52 -> 110000 | Q52: =L52-P52 -> 152000 | R52: 25000 | S52: 85000
D53: 671418214 | F53: KHELOUI HADJER | G53: COLG | H53: 1AAM | J53: =10000+10000+5000 -> 25000 | L53: =25000+305000-J53 -> 305000 | P53: =R53+S53+T53+U53+W53+X53+Y53 -> 110000 | Q53: =L53-P53 -> 195000 | R53: 25000 | S53: 85000
D54: 551058054 | F54: LAOUFI CHAHIN | G54: PRIM | H54: CE2 | J54: 13000 | L54: =25000+220000+35000-J54 -> 267000 | P54: =R54+S54+T54+U54+W54+X54+Y54 -> 115000 | Q54: =L54-P54 -> 152000 | R54: 25000 | S54: 90000
D55: 696471214/560054917 | F55: ABADA YAHIA | G55: PRIM | H55: CM2 | J55: =15000 -> 15000 | L55: =30000+250000+20000-J55 -> 285000 | P55: =R55+S55+T55+U55+W55+X55+Y55 -> 125000 | Q55: =L55-P55 -> 160000 | R55: 30000 | S55: 95000
D56: 553936243 | F56: AZIBI MAISSA | G56: PRIM | H56: CM2 | J56: 32500 | L56: =30000+250000-J56 -> 247500 | P56: =R56+S56+T56+U56+W56+X56+Y56 -> 97500 | Q56: =L56-P56 -> 150000 | R56: 30000 | S56: =100000-J56 -> 67500
D57: 553936243 | F57: AZIBI AMIR | G57: COLG | H57: 3AAM | J57: 34500 | L57: =25000+330000-J57 -> 320500 | P57: =R57+S57+T57+U57+W57+X57+Y57 -> 122500 | Q57: =L57-P57 -> 198000 | R57: 25000 | S57: =132000-J57 -> 97500
D58: 558507959 | F58: REDOUAN RACIM | G58: COLG | H58: 1AAM | J58: =10000+10000+30500+15000 -> 65500 | L58: =25000+305000-J58 -> 264500 | P58: =R58+S58+T58+U58+W58+X58+Y58 -> 264500 | Q58: =L58-P58 -> 0 | R58: 25000 | S58: =122000-J58 -> 56500 | T58: 91500 | U58: =27000+64500 -> 91500
D59: 552707748 | F59: REMDAN MANAR | G59: LYC | H59: 3EM | J59: =36500+10000 -> 46500 | L59: =30000+365000-J59 -> 348500 | P59: =R59+S59+T59+U59+W59+X59+Y59 -> 348500 | Q59: =L59-P59 -> 0 | R59: 30000 | S59: 99500 | T59: 109500 | U59: 109500
D60: 557381050 | F60: LAGHRIBI MED ABDELMALEK | G60: LYC | H60: 3EM | J60: =36500+10000 -> 46500 | L60: =30000+365000-J60 -> 348500 | P60: =R60+S60+T60+U60+W60+X60+Y60 -> 348500 | Q60: =L60-P60 -> 0 | R60: 30000 | S60: 99500 | T60: 109500 | U60: 109500
D61: 783094441 | F61: HEMMANI MILINA | G61: PRIM | H61: 3AP | I61: TRNSP | L61: =25000+220000+40000-J61 -> 285000 | P61: =R61+S61+T61+U61+W61+X61+Y61 -> 25000 | Q61: =L61-P61 -> 260000 | R61: 25000 | V61: BOUMERDES
D62: 559444354 | F62: MEFTAH INES | G62: PRIM | H62: CM2 | J62: =20000 -> 20000 | L62: =30000+250000+20000-J62 -> 280000 | P62: =R62+S62+T62+U62+W62+X62+Y62 -> 120000 | Q62: =L62-P62 -> 160000 | R62: 30000 | S62: 90000
D63: 559444354 | F63: MEFTAH MEREME | G63: COLG | H63: 2AAM | J63: =15000 -> 15000 | L63: =25000+320000-J63 -> 330000 | P63: =R63+S63+T63+U63+W63+X63+Y63 -> 138000 | Q63: =L63-P63 -> 192000 | R63: 25000 | S63: =128000-15000 -> 113000
D64: 772172088 | F64: CHIRIFI ACIF | G64: PRIM | H64: CP | I64: TRNSP | J64: =18000 -> 18000 | L64: =25000+185000+35000+55000-J64 -> 282000 | P64: =R64+S64+T64+U64+W64+X64+Y64 -> 126000 | Q64: =L64-P64 -> 156000 | R64: 25000 | S64: 71000 | V64: OULEDMOUSSA | W64: 30000
D65: 540686162 | F65: BOUCHLAGHEM NELIA | G65: PRIM | H65: CE2 | J65: =18000+5000+18500 -> 41500 | L65: =25000+35000+220000-J65 -> 238500 | P65: =R65+S65+T65+U65+W65+X65+Y65 -> 238500 | Q65: =L65-P65 -> 0 | R65: 25000 | S65: 61500 | T65: 76000 | U65: 76000
D66: 540686162 | E66: NV | F66: BOUCHLAGHEM JUBA | G66: PRIM | H66: CP | J66: =5000+5000+22000 -> 32000 | L66: =25000+185000+35000-J66 -> 213000 | P66: =R66+S66+T66+U66+W66+X66+Y66 -> 213000 | Q66: =L66-P66 -> 0 | R66: 25000 | S66: 57000 | T66: 65500 | U66: 65500
D67: 540686162 | F67: BOUCHLAGHEM ANIA | G67: COLG | H67: 4AAM | J67: =5000+20000+34000+17000 -> 76000 | L67: =30000+340000-J67 -> 294000 | P67: =R67+S67+T67+U67+W67+X67+Y67 -> 294000 | Q67: =L67-P67 -> 0 | R67: 30000 | S67: 60000 | T67: 102000 | U67: 102000
D68: 551005941/775012713 | F68: ABID SIRINE | G68: PRIM | H68: CM2 | J68: 15000 | L68: =30000+250000+20000-J68 -> 285000 | P68: =R68+S68+T68+U68+W68+X68+Y68 -> 125000 | Q68: =L68-P68 -> 160000 | R68: 30000 | S68: 95000
D69: 555159369 | F69: FROUKHI MEREIM | G69: COLG | H69: 3AAM | J69: =33000+13000 -> 46000 | L69: =25000+330000-J69 -> 309000 | P69: =R69+S69+T69+U69+W69+X69+Y69 -> 309000 | Q69: =L69-P69 -> 0 | R69: 25000 | S69: 86000 | T69: 99000 | U69: 99000
D70: 793371271 | E70: NV | F70: TABET MED REDA | G70: PRIM | H70: CP | L70: =25000+185000+35000-J70 -> 245000 | P70: =R70+S70+T70+U70+W70+X70+Y70 -> 96000 | Q70: =L70-P70 -> 149000 | R70: 25000 | S70: 71000
D71: 774560459 | F71: MAHMEL RABAH | G71: PRIM | H71: CM1 | I71: TRNSP | J71: =23000+18000+2000 -> 43000 | L71: =25000+52000+230000+35000-J71 -> 299000 | P71: =R71+S71+T71+U71+W71+X71+Y71 -> 299000 | Q71: =L71-P71 -> 0 | R71: 25000 | S71: 65000 | T71: 76000 | U71: 76000 | V71: ZEMMOURI | W71: 30000 | X71: 15000 | Y71: 12000
D72: 665650997 | F72: BELAGHA MANIL | G72: COLG | H72: 3AAM | L72: =25000+330000-J72 -> 355000 | P72: =R72+S72+T72+U72+W72+X72+Y72 -> 25000 | Q72: =L72-P72 -> 330000 | R72: 25000
F73: HALIMI SIRINE | G73: PRIM | H73: CE2 | J73: =18000 -> 18000 | L73: =25000+220000+35000-J73 -> 262000 | P73: =R73+S73+T73+U73+W73+X73+Y73 -> 150000 | Q73: =L73-P73 -> 112000 | R73: 25000 | S73: 125000
F74: HALIMI HADJER | G74: COLG | H74: 1AAM | J74: =20000+5000+15000 -> 40000 | L74: =25000+305000-J74 -> 290000 | P74: =R74+S74+T74+U74+W74+X74+Y74 -> 150000 | Q74: =L74-P74 -> 140000 | R74: 25000 | S74: 125000
F75: HALIMI MAHDI | G75: LYC | H75: 3EM | J75: =15000+18000 -> 33000 | L75: =30000+365000-J75 -> 362000 | P75: =R75+S75+T75+U75+W75+X75+Y75 -> 152000 | Q75: =L75-P75 -> 210000 | R75: 30000 | S75: 122000
D76: 561442100 | F76: ALLOUNE AMINA | G76: PRIM | H76: CP | I76: TRNSP | J76: 5000 | L76: =25000+185000+35000+52000-J76 -> 292000 | P76: =R76+S76+T76+U76+W76+X76+Y76 -> 25000 | Q76: =L76-P76 -> 267000 | R76: 25000 | V76: THENIA
D77: 561442100 | F77: ALLOUNE ANES | G77: PRIM | H77: CE1 | I77: TRNSP | J77: 5000 | L77: =25000+205000+35000+52000-J77 -> 312000 | P77: =R77+S77+T77+U77+W77+X77+Y77 -> 25000 | Q77: =L77-P77 -> 287000 | R77: 25000 | V77: THENIA
D78: 561442100 | F78: ALLOUNE ABDERHIM | G78: COLG | H78: 2AAM | I78: TRNSP | J78: 5000 | L78: =25000+52000+320000-J78 -> 392000 | P78: =R78+S78+T78+U78+W78+X78+Y78 -> 20000 | Q78: =L78-P78 -> 372000 | R78: 20000 | V78: THENIA
D79: 669507327 | F79: GETAF ANIS | G79: LYC | H79: 2EM | I79: TRNSP | J79: =13000+5000 -> 18000 | L79: =25000+55000+355000-J79 -> 417000 | P79: =R79+S79+T79+U79+W79+X79+Y79 -> 179000 | Q79: =L79-P79 -> 238000 | R79: 25000 | S79: =142000-18000 -> 124000 | V79: CHABET | W79: 30000
D80: 669507327 | F80: GETAF NASSIM | G80: COLG | H80: 3AAM | I80: TRNSP | J80: =13000+5000 -> 18000 | L80: =25000+55000+330000-J80 -> 392000 | P80: =R80+S80+T80+U80+W80+X80+Y80 -> 169000 | Q80: =L80-P80 -> 223000 | R80: 25000 | S80: =132000-18000 -> 114000 | V80: CHABAT | W80: 30000
D81: 550650675 | F81: AZZEDINE AOUSE | G81: PRIM | H81: CE2 | J81: =13000+22000 -> 35000 | L81: =25000+220000+35000+55000-J81 -> 300000 | P81: =R81+S81+T81+U81+W81+X81+Y81 -> 245000 | Q81: =L81-P81 -> 55000 | R81: 25000 | S81: 68000 | T81: 76000 | U81: 76000 | V81: DJENAT
D82: 553141966 | F82: TOUBAL YOUNES | G82: COLG | H82: 1AAM | I82: TRNSP | J82: 20000 | L82: =25000+305000+40000-J82 -> 350000 | P82: =R82+S82+T82+U82+W82+X82+Y82 -> 147000 | Q82: =L82-P82 -> 203000 | R82: 25000 | S82: =122000-20000 -> 102000 | V82: BOUMERDES | W82: 20000
D83: 553141966 | F83: TOUBAL ADEL | G83: PRIM | H83: CE1 | I83: TRNSP | J83: 15000 | L83: =25000+40000+35000+205000-J83 -> 290000 | P83: =R83+S83+T83+U83+W83+X83+Y83 -> 127000 | Q83: =L83-P83 -> 163000 | R83: 25000 | S83: =82000 -> 82000 | V83: BOUMERDES | W83: 20000
D84: 560066919 | E84: NV | F84: HEMDOUNE WASSIM | G84: PRIM | H84: CE1 | I84: TRNSP | L84: =25000+35000+205000+55000-J84 -> 320000 | P84: =R84+S84+T84+U84+W84+X84+Y84 -> 25000 | Q84: =L84-P84 -> 295000 | R84: 25000 | V84: KHEMISELKHCHNA
D85: 673127513 | F85: MEZIAN ILYES | G85: PRIM | H85: CE2 | J85: =13000+22000 -> 35000 | L85: =25000+220000+35000-J85 -> 245000 | P85: =R85+S85+T85+U85+W85+X85+Y85 -> 245000 | Q85: =L85-P85 -> 0 | R85: 25000 | S85: 68000 | T85: 76000 | U85: 76000
D86: 773324163 | F86: HAMIDI ILYANE | G86: PRIM | H86: 3AP | J86: =22000+11000+13000 -> 46000 | L86: =25000+220000-J86 -> 199000 | P86: =R86+S86+T86+U86+W86+X86+Y86 -> 199000 | Q86: =L86-P86 -> 0 | R86: 25000 | S86: 42000 | T86: 66000 | U86: 66000
D87: 775170718 | F87: HAMADACHE IMANE | G87: COLG | H87: 3AAM | J87: 46000 | L87: =25000+330000-J87 -> 309000 | P87: =R87+S87+T87+U87+W87+X87+Y87 -> 309000 | Q87: =L87-P87 -> 0 | R87: 25000 | S87: 86000 | T87: 99000 | U87: 99000
D88: 774909791/0792449566 | E88: NV | F88: BEDJIL IYAD | G88: PRIM | H88: 4AP | J88: 5000 | L88: =25000+230000-J88 -> 250000 | P88: =R88+S88+T88+U88+W88+X88+Y88 -> 50000 | Q88: =L88-P88 -> 200000 | R88: 25000 | S88: 25000
D89: 774909791/0792449566 | E89: NV | F89: BEDJIL WAKIL | G89: PRIM | H89: CE2 | J89: 5000 | L89: =25000+35000+220000-J89 -> 275000 | P89: =R89+S89+T89+U89+W89+X89+Y89 -> 50000 | Q89: =L89-P89 -> 225000 | R89: 25000 | S89: 25000
D90: 557977768/554962359 | F90: RACHDI CHAZIA | G90: COLG | H90: 1AAM | J90: =10000+10000+30500 -> 50500 | L90: =25000+305000-J90 -> 279500 | P90: =R90+S90+T90+U90+W90+X90+Y90 -> 279500 | Q90: =L90-P90 -> 0 | R90: 25000 | S90: 51500 | T90: 101500 | U90: 101500
D91: 669840195/658598707 | F91: GAHAM LAYAN AROUA | G91: PRIM | H91: CE1 | J91: 25500 | L91: =25000+35000+205000-J91 -> 239500 | P91: =R91+S91+T91+U91+W91+X91+Y91 -> 239500 | Q91: =L91-P91 -> 0 | R91: 25000 | S91: 71500 | T91: 71500 | U91: 71500
D92: 549478724 | F92: HAOUCHE WASSIM | G92: PRIM | H92: CM1 | I92: TRNSP | L92: =25000+230000+35000-J92 -> 290000 | P92: =R92+S92+T92+U92+W92+X92+Y92 -> 25000 | Q92: =L92-P92 -> 265000 | R92: 25000 | V92: ZEMMOURI
D93: 553044356 | F93: DRIF LINA | G93: PRIM | H93: CE2 | J93: =13000+5000 -> 18000 | L93: =25000+220000+35000-J93 -> 262000 | P93: =R93+S93+T93+U93+W93+X93+Y93 -> 72000 | Q93: =L93-P93 -> 190000 | R93: 25000 | S93: 47000
D94: 553044356 | F94: DERIF ADEM | G94: PRIM | H94: CM2 | J94: =12000+15000+5000 -> 32000 | L94: =30000+250000+20000-J94 -> 268000 | P94: =R94+S94+T94+U94+W94+X94+Y94 -> 105500 | Q94: =L94-P94 -> 162500 | R94: 30000 | S94: =110000-J95 -> 75500
D95: 553044356 | F95: DERIF ANIA | G95: COLG | H95: 3AAM | J95: =16500+13000+5000 -> 34500 | L95: =25000+330000-J95 -> 320500 | P95: =R95+S95+T95+U95+W95+X95+Y95 -> 122500 | Q95: =L95-P95 -> 198000 | R95: 25000 | S95: =132000-J95 -> 97500
D96: 771316986/552562428 | F96: HEMLAOUISOFIA | G96: COLG | H96: 1AAM | J96: 20000 | L96: =25000+305000-J96 -> 310000 | P96: =R96+S96+T96+U96+W96+X96+Y96 -> 127000 | Q96: =L96-P96 -> 183000 | R96: 25000 | S96: 102000
D97: 698053535/771616261 | F97: BOUDERBALA NESRINE | G97: PRIM | H97: CM2 | J97: =15000+5000 -> 20000 | L97: =30000+250000+20000-J97 -> 280000 | P97: =R97+S97+T97+U97+W97+X97+Y97 -> 120000 | Q97: =L97-P97 -> 160000 | R97: 30000 | S97: =110000-J97 -> 90000
D98: 698053535/771616261 | F98: BOUDERBALA ILYES | G98: PRIM | H98: CM1 | J98: =18000+5000 -> 23000 | L98: =25000+35000+230000-J98 -> 267000 | P98: =R98+S98+T98+U98+W98+X98+Y98 -> 109000 | Q98: =L98-P98 -> 158000 | R98: 25000 | S98: =15000+92000-J98 -> 84000
D99: 698053535/771616261 | E99: NV | F99: BOUDERBALA YACINE | G99: GS | H99: GS | J99: 5000 | L99: =18000+165000-J99 -> 178000 | P99: =R99+S99+T99+U99+W99+X99+Y99 -> 79000 | Q99: =L99-P99 -> 99000 | R99: 18000 | S99: =66000-J99 -> 61000
D100: 558487705 | F100: ROUIBET CHAKIB | G100: PRIM | H100: CM2 | I100: TRNSP | J100: 15000 | L100: =30000+250000+20000+55000-J100 -> 340000 | P100: =R100+S100+T100+U100+W100+X100+Y100 -> 155000 | Q100: =L100-P100 -> 185000 | R100: 30000 | S100: =110000-J100 -> 95000 | V100: ISSER | W100: 30000
...

Sheet BON 
A4: Situation Client 2021-2022
A7: Etat des versements
E8: CLIENT | F8: ABDELAOUI | H8: DATE | I8: =TODAY() -> 46227
A10: DEVIS ANNUEL | C10: =+VLOOKUP(F8,'PAR PARENT'!A4:E785,2,0) -> #REF! | E10: ELEVES | G10: DEVIS | H10: TOTAL VERSE | I10: RESTE VERSE
E12: ABDELAOUI INES | H12: =+VLOOKUP(E12,'PAR PARENT'!A4:E785,3,0) -> #REF! | I12: =+VLOOKUP(E12,'PAR PARENT'!A4:K786,6,0) -> #REF!
A13: INSCRIPTION | E13: ABDELAOUI SAMY | H13: =+VLOOKUP(E13,'PAR PARENT'!A5:E786,3,0) -> #REF! | I13: =+VLOOKUP(E13,'PAR PARENT'!A5:K787,6,0) -> #REF!
A15: 2EME TRANCHE
A17: 3ème TRANCHE
A19: 4ème TRANCHE
A20: Historique Reglements
A22: =+VLOOKUP(F8,'Etat General Versement'!G7:AS1255,33,0) -> #REF!
A23: =+VLOOKUP(F8,'Etat General Versement'!G7:AS1255,34,0) -> #REF!
A24: =+VLOOKUP(F8,'Etat General Versement'!G7:AS1255,35,0) -> #REF!
A25: =+VLOOKUP(F8,'Etat General Versement'!G7:AS1255,36,0) -> #REF!
A26: =+VLOOKUP(F8,'Etat General Versement'!G7:AS1255,37,0) -> #REF!
A27: =+VLOOKUP(F8,'Etat General Versement'!G7:AS1255,38,0) -> #REF!
A28: =+VLOOKUP(F8,'Etat General Versement'!G7:AS1255,39,0) -> #REF!
A29: =+VLOOKUP(F8,'Etat General Versement'!G7:AS1255,40,0) -> #REF!
A30: =+VLOOKUP(F8,'Etat General Versement'!G7:AS1255,41,0) -> #REF!
A31: =+VLOOKUP(F8,'Etat General Versement'!G7:AS1255,42,0) -> #REF!

Sheet Devis
A2: Client | B2: MAHAMED OUSSAID
F6: Devis
F7: Devis n° | I7: 0101/2021/2022
F9: Date | I9: =TODAY() -> 46227
F11: Validité
A13: Prenom élève | D13: Classe | E13: F I | F13: Frais Scolarisation | G13: Services | I13: Total
A15: MAHDI | D15: CM1 | E15: 28000 | F15: 210000 | G15: Transport | H15: 43000 | I15: =+SUM(A15:H15) -> 281000
A16: AMINE | E16: 18000 | F16: 125000 | G16: Transport | H16: 43000 | I16: =+SUM(A16:H16) -> 186000
D17: GS | E17: 18000 | F17: 125000 | G17: Transport | H17: 43000 | I17: =+SUM(A17:H17) -> 186000
G27: Sous-total | I27: =+SUM(I15:I26) -> 653000
G29: Réduction | I29: 10000
G31: Montant Total DZD | I31: =+I27-I29 -> 643000
A35: Nb 01: une remise de 5% sois | D35: =+SUM(F15:F26)*0.05 -> 23000 | E35: est rajoutée si le paiement est effectué en totalité avant le 30 juin 2021
A37: Nb 02: Toute inscription doit etre confirmée par un versement ( frais d'inscription + 1er tranche)
E39: =18000*2+28000+21000+25000 -> 110000
A41: Note
A42: Paiement par chèque,bien notifié l'ordre "Sarl Elimtiyaz"
A43: Versement ou du virement bancaire nous renvoyer par mail une copie du bordereau de versement
A44: RIB:00400141400004179159
A50: Client | B50: KOUBA
F54: Devis
F55: Devis n° | I55: 0102/2021/2022
F57: Date | I57: =TODAY() -> 46227
F59: Validité | I59: 44362
A61: Prenom élève | D61: Classe | E61: F I | F61: Frais Scolarisation | G61: Services | I61: Total
A63: CHOUROUK | D63: 2AM | E63: 28000 | F63: 250000 | I63: =+SUM(A63:H63) -> 278000
A64: HALA | D64: 4AP | E64: 28000 | F64: 180000 | I64: =+SUM(A64:H64) -> 208000
A65: AHLAM | D65: CP | E65: 28000 | F65: 170000 | I65: =+SUM(A65:H65) -> 198000
G75: Sous-total | I75: =+SUM(I63:I74) -> 684000
G77: Réduction | I77: 41500
G79: Montant Total DZD | I79: =+I75-I77 -> 642500
A83: Nb 01: une remise de 5% sois | D83: =+SUM(F63:F74)*0.05 -> 30000 | E83: est rajoutée si le paiement est effectué en totalité avant le 30 juin 2021
A85: Nb 02: Toute inscription doit etre confirmée par un versement ( frais d'inscription + 1er tranche)
E87: =28000*3+72000+100000+68000-41500 -> 282500
A89: Note
A90: Paiement par chèque,bien notifié l'ordre "Sarl Elimtiyaz"
A91: Versement ou du virement bancaire nous renvoyer par mail une copie du bordereau de versement
A92: RIB:00400141400004179159
A98: Client | B98: DJAOUD
F102: Devis
F103: Devis n° | I103: 0103/2021/2022
F105: Date | I105: =TODAY() -> 46227
F107: Validité | I107: 44362
A109: Prenom élève | D109: Classe | E109: F I | F109: Frais Scolarisation | G109: Services | I109: Total
A111: SARA | D111: 2AM | E111: 28000 | F111: 250000 | I111: =+SUM(A111:H111) -> 278000
A112: YASMINE | D112: CE2 | E112: 28000 | F112: 205000 | I112: =+SUM(A112:H112) -> 233000
G123: Sous-total | I123: =+SUM(I111:I122) -> 511000
G125: Réduction | I125: 32500
G126: REMBOURCEMENT | I126: 70000
G128: Montant Total DZD | I128: =+I123-I125-I126 -> 408500
A132: Nb 01: une remise de 5% sois | D132: =+SUM(F111:F122)*0.05 -> 22750 | E132: est rajoutée si le paiement est effectué en totalité avant le 30 juin 2021
A134: Nb 02: Toute inscription doit etre confirmée par un versement ( frais d'inscription + 1er tranche)
E136: =28000*2+100000+82000-I125 -> 205500
A138: Note
A139: Paiement par chèque,bien notifié l'ordre "Sarl Elimtiyaz"
A140: Versement ou du virement bancaire nous renvoyer par mail une copie du bordereau de versement
A141: RIB:00400141400004179159
A147: Client | B147: LOUNA
F151: Devis
F152: Devis n° | I152: 0103/2021/2022
F154: Date | I154: =TODAY() -> 46227
F156: Validité | I156: 44362
A158: Prenom élève | D158: Classe | E158: F I | F158: Frais Scolarisation | G158: Services | I158: Total
A160: ASMA | D160: CE2 | E160: 28000 | F160: 205000 | G160: BOUMERDES | H160: 35000 | I160: =+SUM(A160:H160) -> 268000
A161: ZAKARIA | D161: GS | E161: 18000 | F161: 125000 | G161: BOUMERDES | H161: 35000 | I161: =+SUM(A161:H161) -> 178000
G172: Sous-total | I172: =+SUM(I160:I171) -> 446000
G174: Réduction | I174: =5000+16500 -> 21500
G175: REMBOURCEMENT | I175: 0
G177: Montant Total DZD | I177: =+I172-I174-I175 -> 424500
A181: Nb 01: une remise de 5% sois | D181: =+SUM(F160:F171)*0.05 -> 16500 | E181: est rajoutée si le paiement est effectué en totalité avant le 30 juin 2021
A183: Nb 02: Toute inscription doit etre confirmée par un versement ( frais d'inscription + 1er tranche)
E185: =178000-5000 -> 173000
A187: Note
A188: Paiement par chèque,bien notifié l'ordre "Sarl Elimtiyaz"
A189: Versement ou du virement bancaire nous renvoyer par mail une copie du bordereau de versement
A190: RIB:00400141400004179159
A195: Client | B195: NEGACHE
F199: Devis
F200: Devis n° | I200: 0104/2021/2022
F202: Date | I202: =TODAY() -> 46227
F204: Validité | I204: 30/062021
A206: Prenom élève | D206: Classe | E206: F I | F206: Frais Scolarisation | G206: Services | I206: Total
A208: MED AMINE | D208: CM2 | E208: 20000 | F208: 248000 | G208: CORSO | I208: =+SUM(A208:H208) -> 268000
A209: REKAIA | D209: 4AM | E209: 33000 | F209: 285000 | G209: CORSO | I209: =+SUM(A209:H209) -> 318000
A210: WALID | D210: CE1 | E210: 18000 | F210: 220000 | G210: CORSO | I210: =+SUM(A210:H210) -> 238000
G220: Sous-total | I220: =+SUM(I208:I219) -> 824000
G222: Réduction | I222: =14250+10000 -> 24250
G225: Montant Total DZD | I225: =+I220-I222-I223 -> 799750
A229: Nb 01: une remise de 5% sois | D229: =+SUM(F208:F219)*0.05 -> 37650 | E229: est rajoutée si le paiement est effectué en totalité avant le 30 juin 2021
A231: Nb 02: Toute inscription doit etre confirmée par un versement ( frais d'inscription + 1er tranche)
E233: =18000+79000+12000+20000+91200+8000+33000+114000-I222 -> 350950
A235: Note
A236: Paiement par chèque,bien notifié l'ordre "Sarl Elimtiyaz"
A237: Versement ou du virement bancaire nous renvoyer par mail une copie du bordereau de versement
A238: RIB:00400141400004179159
A245: Client | B245: HEBBAZ
F249: Devis
F250: Devis n° | I250: 0104/2021/2022
F252: Date | I252: =TODAY() -> 46227
F254: Validité | I254: 30/062021
...

Sheet REF
A1: MERDAS SAMIR | B1: MS | D1: BOUMERDES
A2: TALAOOURAR YOUNES | B2: GS | D2: CORSO
A3: BELRECHID | B3: 1AP | D3: SAHEL
A4: HARBI | B4: CP | D4: FIGUIER
A5: MOULFI | B5: 2AP | D5: ZEMOURI
A6: HAMADACHE | B6: CE1 | D6: BOUDOUAOU
A7: HASSAIN | B7: 3AP | D7: REGHIAA
A8: SLIMANI | B8: CE2 | D8: ROUIBA
B9: 4AP | D9: BORDJ MNAIL
B10: CM1 | D10: SI MUSTAPHA
B11: 5AP | D11: ISSER
B12: CM2 | D12: THENIA
B13: 1AAM | D13: BENI AMRANE
B14: 2AAM | D14: OULED MOUSSA
B15: 3AAM | D15: OULED HEDDAJ /HOUCHE MEKHEFI
B16: 4AAM | D16: KHEMIS KHENCHELA
B17: 1AS | D17: TIDJELABINE
B18: 2AS | D18: BENYOUNES
B19: 3AS | D19: SOUK ELHAD
B20: 1cs | D20: CAP DJENET
B21: 2cs
B22: 3cs
B23: 4cs
B24: autiste
B25: PS
B26: TPS
